employee_id,first_name,last_name,date_of_birth,phone_number
1,Shaylee,Klocko,1993-09-18,287-104-6351
2,Haleigh,Buckridge,2003-03-06,810-135-9426
3,Geovanni,Kohler,2019-11-17,101-362-7894
4,Cleve,Little,2023-04-06,491-027-3865
5,Danielle,Upton,1981-01-11,732-104-6598
6,Judson,Jones,1973-01-14,648-371-0129
7,Brook,Hahn,2014-07-28,361-598-7241
8,Raina,Johnston,1985-01-10,138-107-5926
9,Dylan,Friesen,2013-01-30,451-076-2183
10,Geovanny,Borer,2019-12-19,107-943-1658
11,Gillian,Raynor,1986-12-04,615-428-7109
12,Aileen,Boyer,1970-12-12,895-672-4103
13,Melany,Witting,1991-06-11,879-531-6102
14,Ryder,Kerluke,2022-03-22,916-381-0475
15,Waylon,Hoeger,2008-05-29,814-921-0657
16,Austin,Tillman,2010-10-02,923-481-0175
17,Jaida,Olson,1983-02-12,534-971-6810
18,Aliya,Ritchie,1986-10-09,612-437-5981
19,Alexandrea,Daniel,2016-10-11,174-102-5839
20,Courtney,Collins,2020-11-13,657-891-0321
21,Meagan,Treutel,1978-06-07,478-910-5216
22,Maynard,Price,2015-06-25,375-104-1289
23,Bettye,Davis,2010-05-27,651-041-9328
24,Kole,Daniel,2009-03-26,710-368-4521
25,Wallace,Johnston,1977-01-10,134-961-0572
26,Michel,Hilll,1977-01-11,813-542-7109
27,Shannon,Walsh,2010-06-05,481-310-2596
28,Haven,Carter,1999-05-26,493-781-2105
29,Margot,Turcotte,1999-10-11,956-418-3271
30,Alysson,Mohr,1990-01-31,526-413-1089
31,Fabiola,Champlin,1970-05-27,410-673-2891
32,Celia,Turner,1974-09-19,859-736-4210
33,Orlando,Kreiger,1990-03-11,731-586-2104
34,Winfield,Dare,1982-10-21,395-124-7610
35,Melissa,Wilkinson,1981-07-26,698-102-4371
36,Zella,White,1971-08-12,723-181-0649
37,Darby,Kessler,1971-09-16,452-378-9106
38,Marques,McLaughlin,2001-12-21,572-310-6841
39,Carlie,Lind,2019-09-04,311-064-9578
40,Esperanza,Nolan,1972-10-11,493-125-6108
41,Helen,VonRueden,2016-03-21,541-081-3692
42,Margarete,Farrell,1972-08-25,976-101-8235
43,Zula,O'Conner,1973-12-07,936-528-1074
44,Evans,Kirlin,2017-04-20,210-678-4539
45,Elouise,Stiedemann,1991-05-22,426-351-9710
46,Roberta,Gleichner,1983-06-01,110-623-7549
47,Tyson,Price,2004-12-25,815-327-4910
48,Corene,Howell,1986-08-01,510-479-8621
49,Garett,Ward,1991-11-07,104-872-5169
50,Woodrow,Mitchell,2005-05-26,159-237-8461
51,Amber,Lesch,1985-03-17,692-581-3410
52,Dameon,Littel,1983-10-29,431-096-5812
53,Stanton,Friesen,1991-01-12,910-384-6571
54,Stella,Treutel,2002-11-19,871-049-2615
55,Hertha,Rosenbaum,1992-05-07,296-310-4581
56,Lura,Wyman,1984-01-17,107-685-3249
57,Elian,Kozey,1982-05-27,786-105-4391
58,Ophelia,Rippin,2002-02-27,164-789-5102
59,Montana,Harber,2000-09-30,371-064-1258
60,Adalberto,DuBuque,2022-04-20,495-610-3128
61,Dominic,Kautzer,1974-08-27,159-108-7423
62,Maribel,Carroll,2004-05-31,951-410-3286
63,Catalina,Hyatt,1973-01-13,581-012-6943
64,Jarrett,Koch,1987-10-18,583-926-1041
65,Guy,Larkin,2011-02-13,578-106-9321
66,Ruby,Padberg,2014-09-09,261-598-3410
67,Rowena,Bailey,1999-06-29,497-132-6851
68,Rosemary,Ankunding,1980-01-07,238-467-5101
69,Noemi,Jerde,1992-02-16,394-752-6110
70,Dortha,Kuhn,1996-10-11,526-109-3814
71,Brendan,McCullough,2015-05-14,611-092-5738
72,Lucas,Dooley,1978-10-11,869-102-5137
73,Lavern,Bergstrom,1973-06-08,514-107-3826
74,Reyna,Boyer,1971-02-06,841-019-6732
75,Ethyl,Feil,2014-06-16,510-186-7239
76,Dariana,Bailey,1971-06-22,135-621-0948
77,Suzanne,Schaefer,1977-09-04,195-210-4736
78,Arvilla,Daniel,1977-11-25,149-610-5378
79,Susie,Wilkinson,1998-06-05,817-543-1026
80,Roy,Hessel,2019-02-20,257-681-0941
81,Sierra,Schinner,1977-07-23,110-379-8524
82,Eloisa,Reilly,2012-12-18,542-103-1897
83,Frank,Macejkovic,2007-06-13,961-018-3724
84,Annabel,Buckridge,2020-12-07,268-479-5311
85,Shaina,Morissette,2001-08-21,410-317-5296
86,Eldridge,Schamberger,2015-09-22,752-110-9634
87,Trenton,Leffler,1981-09-20,651-374-2891
88,Lia,Cruickshank,2020-11-03,953-426-7101
89,Madelynn,Crist,1977-11-05,195-310-7468
90,Orin,Powlowski,1982-02-15,132-910-8574
91,Era,Gulgowski,2004-03-16,103-691-8254
92,Dorothea,Davis,1985-05-09,934-105-7168
93,Thaddeus,Emmerich,1994-10-02,248-391-0561
94,Lisandro,Swift,1997-03-22,561-948-1072
95,Monica,Lesch,1990-03-18,181-074-5263
96,Vickie,Harvey,2009-06-24,764-101-8532
97,Laurel,Donnelly,1983-12-28,386-107-2415
98,Ramona,Bayer,1984-09-21,864-751-0129
99,Darrin,Stracke,1993-07-31,593-171-0846
100,Maximillia,Macejkovic,1970-06-29,164-910-7328
101,Corrine,Kiehn,2001-11-04,463-812-7510
102,Ciara,Stoltenberg,2013-03-13,691-843-7210
103,Ashtyn,Rempel,1990-04-05,321-017-8956
104,Norval,Abbott,1999-02-21,376-108-2149
105,Bailey,Connelly,2021-05-10,175-326-8109
106,Madyson,Lindgren,1988-01-16,345-681-0912
107,Kamryn,Turner,1994-02-11,597-423-1068
108,Sasha,Yundt,2004-12-19,197-542-3106
109,Toby,Hayes,1999-06-28,259-310-7418
110,Angelina,Carroll,2002-05-08,685-921-0714
111,Pablo,Schuster,2019-09-25,104-628-7315
112,Prince,Wisozk,1970-09-13,138-104-6257
113,Cristal,Boyer,2008-10-04,186-245-9107
114,Marty,Conroy,2016-12-31,437-810-6592
115,Cora,Sanford,1997-12-19,372-518-1046
116,Moses,Feest,2012-05-09,611-073-9542
117,Kaycee,Volkman,1976-10-17,943-825-7610
118,Luciano,Anderson,1970-11-01,395-876-1041
119,Tamara,Kreiger,1977-01-04,106-835-2714
120,Elvis,Walsh,2014-06-26,481-061-3597
121,Mara,Hansen,2009-09-21,310-826-7154
122,Oda,Veum,1982-11-11,267-194-5831
123,Norval,Hane,2006-10-25,512-834-6710
124,Morton,Durgan,2020-03-27,683-571-9104
125,Megane,Effertz,1988-12-14,164-578-3291
126,Mateo,Mueller,2019-10-22,963-108-5241
127,Aaliyah,Murray,1983-12-10,610-218-5743
128,Grayce,Boyle,2013-07-07,121-065-4839
129,Joel,Fadel,2010-01-17,593-768-1210
130,Evelyn,Schuster,1989-06-20,105-784-2169
131,Brenda,O'Connell,1987-04-02,961-081-7345
132,Olen,Armstrong,2012-07-04,874-210-9356
133,Brett,Thompson,2005-11-23,964-510-7128
134,Millie,Roberts,2007-02-01,638-191-0725
135,Megane,Macejkovic,1979-11-06,104-617-5398
136,Bulah,Rolfson,1994-02-16,869-374-2151
137,Julianne,Paucek,1997-11-08,492-817-6310
138,Milford,McKenzie,1999-06-15,237-165-8104
139,Imelda,Bins,1982-04-25,318-749-5610
140,Samanta,Murazik,1985-03-10,734-621-0895
141,Makayla,Mann,1991-07-27,135-827-9106
142,Sunny,Berge,1985-10-31,283-104-1569
143,Kyleigh,Treutel,2010-12-28,865-710-9143
144,Lonnie,Cruickshank,1997-12-27,746-915-3821
145,Chyna,Konopelski,1989-09-09,610-384-2715
146,Willard,Graham,2019-09-27,517-410-6238
147,Hanna,Reichert,1986-04-14,108-436-9751
148,Dedrick,Bechtelar,1985-11-21,518-297-1043
149,Emiliano,Quigley,1975-12-08,273-165-9481
150,Angelica,Jakubowski,2022-11-01,910-768-3152
151,Randy,Yundt,1991-07-12,276-841-9510
152,Josephine,Beahan,1981-08-03,715-234-1068
153,August,Thompson,1998-08-22,811-074-9625
154,Tiana,Pouros,2009-03-25,942-678-1051
155,Lonie,Halvorson,2003-09-11,642-935-1710
156,Millie,Feest,2023-06-12,629-174-3810
157,Ambrose,Upton,1992-07-17,678-104-5231
158,Aryanna,Bergnaum,1973-12-22,231-087-9514
159,Maximillian,Willms,2006-07-05,682-514-1093
160,Vella,Douglas,1995-09-27,102-157-9438
161,Percival,Kshlerin,2004-12-21,175-268-4910
162,Bertram,Sawayn,1975-03-10,364-109-1578
163,Gennaro,Wyman,2001-09-20,351-106-9428
164,Rupert,Windler,1988-12-24,972-510-4681
165,Price,Pouros,1983-10-15,104-937-6812
166,Lola,Feil,1985-10-08,925-134-1086
167,Carolyne,Barrows,2020-03-16,678-413-1052
168,Eli,Boyer,1977-08-31,651-093-8147
169,Gust,Erdman,2020-06-25,410-286-3951
170,Nayeli,Schuppe,1998-11-06,271-036-8541
171,Maudie,Ferry,1982-12-02,795-231-0148
172,Justyn,Kling,1997-05-26,893-101-2547
173,Arjun,Tremblay,1972-07-22,412-510-7983
174,Felipa,Sanford,2013-03-18,987-102-1563
175,Lemuel,Maggio,1998-06-26,427-105-3819
176,Idell,Hickle,2015-04-01,537-284-1109
177,Gus,Towne,1972-12-01,469-873-1102
178,Jennifer,Huel,1995-09-02,519-843-2761
179,Dominic,Wilderman,2006-12-21,789-561-2104
180,Abelardo,Krajcik,1989-10-19,791-861-0452
181,Eulah,Conroy,1995-10-26,354-791-0826
182,Margaret,Steuber,1975-06-25,482-351-0671
183,Paige,Cole,1991-12-14,395-271-6108
184,Karen,Kihn,1991-11-28,346-510-7129
185,Declan,Homenick,2018-06-07,753-924-1068
186,Winfield,Fisher,1982-07-08,742-135-6981
187,Roxanne,Barton,2003-04-07,582-931-4671
188,Adrienne,Monahan,1979-02-24,182-691-0435
189,Consuelo,Trantow,1976-11-08,357-962-8410
190,Magdalen,Heathcote,1987-03-05,674-392-1015
191,Floy,Wyman,2009-09-29,839-516-7410
192,Madisyn,Quitzon,1996-11-20,107-365-8249
193,Lambert,Nicolas,1996-09-06,249-108-1367
194,Karlie,Olson,1975-09-22,211-063-8975
195,Chaya,Konopelski,2008-12-31,106-124-3957
196,Oceane,Larson,1994-11-22,123-589-6410
197,Angel,Hudson,2015-06-30,310-157-4869
198,Blanca,Terry,1982-05-07,625-101-4738
199,Flo,Satterfield,2016-10-07,895-426-3710
200,Lucious,Leannon,1991-06-12,124-810-9653
201,Bobbie,Predovic,2001-02-22,791-538-2461
202,Vivianne,Koelpin,2021-03-20,219-106-4875
203,Jamel,Schumm,1998-10-17,610-872-3415
204,Cayla,Jast,2018-12-19,395-210-8647
205,Lacey,Hamill,1981-09-08,192-467-8510
206,Zechariah,Block,2010-12-12,131-029-8576
207,Cory,Balistreri,2019-06-26,109-658-4712
208,Cierra,Braun,1988-04-10,910-241-7365
209,Taurean,Brown,1991-08-09,943-621-0751
210,Jamir,McClure,1989-12-16,910-845-6127
211,Ricky,Becker,2010-08-10,195-104-3826
212,Emmanuel,Okuneva,1979-06-08,972-531-1086
213,Brandi,Schulist,1989-07-19,101-378-2946
214,Brendan,Stroman,2011-03-21,691-085-1347
215,Dereck,Towne,1982-04-11,105-879-1236
216,Rusty,Gorczany,1987-07-11,231-061-4987
217,Alek,McGlynn,2005-07-25,106-193-5278
218,Natalie,Thompson,2010-09-17,834-961-1072
219,Bud,Beer,1984-07-22,987-465-2131
220,Ivory,Collins,1976-07-06,876-191-0342
221,Kaitlin,Cassin,1989-04-29,854-632-9101
222,Lance,Tremblay,2000-09-24,689-321-0145
223,Trent,Zulauf,1977-09-21,103-726-8149
224,Samir,Kassulke,2001-08-10,106-429-7513
225,Randi,Bechtelar,1998-04-04,831-057-9426
226,Perry,Runte,2000-07-27,926-751-3108
227,Kristy,Dicki,1977-01-05,892-653-7101
228,Marvin,Nicolas,2022-01-20,813-697-2451
229,Furman,Oberbrunner,1978-11-30,712-695-3410
230,Kailyn,Kris,2001-11-18,101-459-8237
231,Samara,Johns,2011-02-28,254-397-6181
232,Garrick,Cassin,1975-04-21,219-483-1075
233,Edwardo,Hilpert,1998-02-10,654-231-7109
234,Evie,Ziemann,1997-04-30,410-819-3256
235,Lyric,Harvey,1970-05-24,951-031-7286
236,Jaydon,Reichert,2008-08-06,354-981-6721
237,Gavin,Schaefer,2016-02-16,293-145-8610
238,Garnet,Leannon,1999-02-10,967-841-0215
239,Isaac,Bechtelar,2003-05-19,691-510-7283
240,Jewell,Strosin,2016-03-01,458-310-1927
241,Alfreda,Stracke,1983-12-29,139-710-5642
242,Bart,Kiehn,2006-05-18,586-102-4973
243,Alaina,DuBuque,1973-11-25,219-478-6103
244,Ada,Ferry,2012-01-20,398-510-1427
245,Aliza,Yost,2004-01-03,521-097-6481
246,Nya,Keeling,1998-04-04,425-897-6110
247,Salvatore,Hills,2013-09-10,926-371-1048
248,Emely,Pouros,1976-10-22,472-911-0658
249,Marilie,Padberg,2009-05-30,723-596-1084
250,Holden,Christiansen,1997-09-13,857-361-0429
251,Vincenzo,Zemlak,2004-07-01,927-461-8510
252,Obie,Macejkovic,2018-12-26,483-161-0952
253,Genoveva,Barton,2008-07-29,289-451-3671
254,Emie,Hahn,1977-02-01,710-125-9364
255,Erick,Harber,1991-09-08,910-573-6184
256,Maryse,Beier,1984-01-16,510-641-9872
257,Kaley,Lockman,1996-02-26,810-713-6945
258,Brennon,Ullrich,2001-03-03,102-863-1957
259,Jerel,Robel,1997-11-27,104-851-6927
260,Retta,Beahan,1990-11-24,738-102-6945
261,Eliza,Auer,1984-06-09,139-107-5486
262,Arely,Eichmann,2000-05-25,579-108-3162
263,Renee,Mayer,1974-09-02,108-392-5674
264,Leonie,Schiller,2000-08-24,259-174-3681
265,Verlie,O'Kon,2005-03-26,386-104-2951
266,Christ,Green,2000-05-21,693-107-2485
267,Ferne,Gleichner,2019-12-30,953-481-0217
268,Leonie,Lind,1986-01-30,651-839-4107
269,Rusty,Schneider,2015-05-08,657-824-1093
270,Kasandra,Hodkiewicz,1997-04-25,598-476-3211
271,Angus,Kozey,1971-03-15,104-351-2986
272,Millie,Kuhlman,1972-09-10,763-829-1541
273,Lucile,Wisozk,1978-01-21,102-738-4659
274,Solon,Sauer,1988-11-18,910-831-2764
275,Jacques,Kihn,1976-10-10,281-091-7645
276,Karianne,Hansen,1973-10-27,638-549-1027
277,Pattie,Davis,1990-02-09,367-294-1058
278,Dasia,Hills,2010-02-05,193-764-8510
279,Gina,Lebsack,1987-03-02,473-621-9510
280,Sigurd,Paucek,1980-11-08,310-482-9716
281,Bethany,Ziemann,1991-12-17,492-511-0736
282,Leo,Beier,1979-04-24,741-016-9523
283,Sibyl,Lockman,2002-02-01,461-395-8102
284,Celestine,Boyle,1976-05-27,247-965-1810
285,Maurice,Kiehn,1992-03-08,910-583-6472
286,Eugenia,Abbott,1996-07-13,698-312-4510
287,Hobart,Fritsch,1994-08-31,596-741-0832
288,Agnes,Ernser,1998-05-31,687-259-1103
289,Verona,Volkman,2014-09-09,657-310-1942
290,Liana,Kuhn,2022-01-14,394-812-1057
291,Ignatius,Bayer,2000-04-08,810-267-3951
292,Raina,Cummerata,1993-04-24,231-096-5718
293,Minnie,Mayert,2018-02-23,148-695-7310
294,August,Leannon,1983-09-05,765-238-9141
295,Cindy,Kunze,2020-05-09,971-610-4358
296,Hope,Heidenreich,1970-09-25,109-283-6145
297,Eric,Mills,1982-01-13,591-047-2638
298,Jarod,Corwin,1972-05-12,461-739-1052
299,Henderson,Towne,1984-07-13,673-985-1421
300,Rodrick,Halvorson,1997-08-10,219-483-6105
301,Skylar,Durgan,2020-09-20,410-317-8965
302,Solon,Paucek,2014-01-19,210-751-4638
303,Freida,Waters,2000-02-26,110-456-7289
304,Roy,Pagac,2010-10-14,478-165-2910
305,Lafayette,Hammes,2012-03-03,247-635-8911
306,Delia,Boehm,1970-07-09,682-103-5917
307,Elvera,Mohr,2019-07-18,678-352-9110
308,Naomie,West,1991-09-09,894-110-2756
309,Andrew,Adams,1988-12-09,425-387-9101
310,Cornell,Ritchie,2005-04-06,146-231-0578
311,Denis,Sporer,2019-01-13,542-739-8101
312,Kelvin,Murazik,1979-08-07,789-234-6101
313,Luz,Erdman,2018-02-19,953-168-2710
314,Cristopher,Reynolds,2017-06-30,102-485-9167
315,Fermin,Volkman,2001-04-27,758-324-6911
316,Johann,Stokes,2014-12-21,632-471-5108
317,Aida,Zieme,1996-05-01,631-954-8210
318,Selena,Weissnat,1981-06-20,210-685-9143
319,Carlos,Ondricka,1995-03-12,254-698-7311
320,Cole,Rogahn,1985-05-17,610-598-1427
321,Devin,Okuneva,1970-04-28,591-103-8647
322,Uriel,Schmeler,1973-11-27,531-024-1789
323,Yvonne,Beatty,1979-05-10,798-256-3410
324,Hershel,Carter,2002-08-07,279-534-1068
325,Noah,Weissnat,1996-07-11,184-657-2931
326,Darius,Emmerich,2011-05-29,104-731-2896
327,Vickie,Bartell,1995-08-11,687-104-1539
328,Ansley,Moore,2018-04-15,810-249-6317
329,Dudley,Hauck,2020-08-10,936-107-4581
330,Meta,Cruickshank,1997-12-12,641-057-3289
331,Carley,Murphy,1979-04-12,861-435-2107
332,Torrey,Crist,1997-12-24,567-910-3184
333,Nichole,Hessel,1997-10-18,297-564-3810
334,Francesco,Koepp,2004-04-06,735-461-9108
335,Bulah,Fisher,2011-01-27,236-107-4519
336,Vincent,Streich,2007-09-10,410-268-1539
337,Theron,Leuschke,1990-11-16,369-101-8547
338,Enola,Davis,1972-07-12,102-794-8513
339,Kelli,Langworth,1972-07-15,105-798-2164
340,Cecile,Rosenbaum,2020-06-08,965-102-8417
341,Andre,Terry,2011-11-18,361-072-1894
342,Michaela,Cummings,2017-06-22,762-141-0983
343,Leopold,Stiedemann,2014-11-10,467-295-1038
344,Shakira,Wolff,1976-01-02,421-069-1375
345,Ezequiel,Schuster,1979-06-16,103-815-7296
346,Katharina,Reinger,2014-08-22,435-618-7109
347,Madelyn,Ratke,1975-08-19,648-195-7321
348,Christa,Thiel,2010-09-13,837-921-0561
349,Albina,Zboncak,1981-03-23,829-103-5174
350,Lilly,Bartoletti,2017-07-15,145-968-3710
351,Marta,Kemmer,2007-11-13,835-671-0941
352,Brannon,Hayes,1998-08-05,186-510-3479
353,Zack,Prohaska,1996-07-30,794-586-1031
354,Jonas,Rath,2022-06-15,961-823-4751
355,Serena,Borer,2013-09-17,745-163-9210
356,Karlie,Kling,2001-05-08,108-394-2651
357,Jeramy,Reichel,2011-08-10,310-156-9278
358,Alaina,McCullough,1982-03-17,943-821-5761
359,Viviane,Jerde,2017-09-14,749-826-1510
360,Madge,Swaniawski,1974-12-08,861-024-5317
361,Nicola,Bednar,2016-08-26,419-625-8103
362,Dortha,Metz,1981-03-22,849-632-5711
363,Gustave,Kemmer,2004-11-11,381-654-2791
364,Andreanne,Toy,2016-10-28,101-245-6893
365,Sibyl,Murphy,1998-05-23,965-371-4810
366,Diana,Osinski,1993-04-25,510-318-4967
367,Bobby,Lueilwitz,1990-10-05,109-258-6413
368,Shanna,Toy,2016-04-20,283-496-7511
369,Horace,Murazik,1975-06-24,953-816-1072
370,Abbey,Lemke,2015-11-17,326-411-0785
371,Korbin,Bruen,1976-03-13,931-426-8107
372,Bennie,Hessel,1994-09-15,721-108-4536
373,Emerson,DuBuque,2009-01-07,746-198-3251
374,Vern,Krajcik,1992-04-14,102-136-7845
375,Rocky,Stamm,2010-05-01,934-210-6817
376,Clifford,Blanda,2021-01-07,917-528-6103
377,Libby,Weissnat,1971-12-28,365-102-1978
378,Belle,Simonis,1992-10-21,951-072-4681
379,Maeve,Johnston,1980-12-29,359-742-1108
380,Camryn,Gerhold,1986-05-25,957-106-1284
381,Richie,Kris,1986-05-15,719-810-2634
382,Cyril,Anderson,1998-01-04,281-046-3951
383,Jared,Blanda,1980-11-14,983-526-1710
384,Santiago,Bruen,1983-02-01,791-082-1564
385,Layla,Bergnaum,1975-10-11,563-107-1249
386,Lorna,DuBuque,2013-09-17,214-981-0536
387,Gladyce,Goldner,1972-10-31,468-153-1092
388,Baylee,Koelpin,2014-01-24,916-548-7210
389,Alphonso,Skiles,1988-10-01,279-184-5631
390,Jerome,Beier,2008-03-19,109-632-4857
391,Jack,Barrows,2005-10-13,615-104-2789
392,Dayana,Kemmer,2021-09-21,983-102-4765
393,Carolyne,Wilderman,2020-06-04,159-271-0846
394,Yasmin,Flatley,2019-01-15,672-354-8910
395,Ansley,Kris,2007-05-03,211-053-8497
396,Amir,Wolf,2018-04-28,107-518-4629
397,Shaniya,Hirthe,2022-02-18,689-102-7435
398,Arielle,Connelly,2000-09-10,329-814-1076
399,Athena,Mueller,1980-06-06,562-101-3798
400,Charlotte,Berge,1986-08-06,635-141-0927
401,Izaiah,Corwin,2009-05-11,463-789-1025
402,Zane,Halvorson,1987-08-12,351-746-8910
403,Dahlia,Cronin,2012-05-06,957-324-8611
404,Kelley,Jones,1978-03-13,927-105-6138
405,Breana,Kub,1990-09-18,582-496-7103
406,Hulda,Stiedemann,1982-11-05,247-983-5161
407,Halle,Ritchie,2009-09-18,911-056-2734
408,Gerry,Fahey,2012-07-13,710-952-4863
409,Kyle,Schultz,1988-06-26,810-516-9742
410,Mireya,Emmerich,2002-02-06,793-482-6110
411,Haven,Reichel,1979-04-01,643-892-7101
412,Daron,Reilly,1984-12-27,510-614-7298
413,Reinhold,Fisher,1987-03-22,102-159-4736
414,Kailyn,Hand,1999-10-01,483-102-9567
415,Jaylon,Ryan,1973-12-02,918-102-4365
416,Verdie,Bosco,1976-09-21,591-027-3648
417,Gabrielle,Reynolds,1996-01-29,214-107-8563
418,Ryann,Hayes,1971-09-15,103-258-9417
419,Fanny,Koelpin,1982-08-15,293-510-1784
420,Dominic,Orn,1977-08-09,310-269-8571
421,Mohammed,Goyette,1973-04-24,542-879-1063
422,Irving,Grimes,1998-02-06,147-896-1052
423,Keaton,Spinka,1997-05-02,319-847-5102
424,Wendy,O'Keefe,1993-12-03,101-784-5632
425,Myles,Predovic,1995-09-03,102-168-4539
426,Arianna,Ziemann,2010-08-23,121-063-9485
427,Ivory,Emmerich,2020-09-03,489-763-1510
428,Mack,Osinski,2020-03-16,108-791-5634
429,Dino,Balistreri,2015-06-25,471-012-8536
430,Okey,Sawayn,2016-01-14,519-782-4103
431,Eve,Larkin,1977-11-09,527-310-4691
432,Khalid,Dach,1992-10-30,548-632-7109
433,Everette,Durgan,1991-05-22,286-431-5791
434,Vladimir,Dickinson,2020-10-31,529-376-4810
435,Mariana,Hackett,2019-06-19,610-741-2895
436,Norval,Hudson,1986-10-23,549-106-8317
437,Garnet,Gleason,1984-02-24,785-314-2910
438,Reva,Koepp,1994-04-28,238-564-7911
439,Christop,Sauer,2004-10-12,683-102-7419
440,Amber,Rolfson,1995-08-25,249-107-6385
441,Madyson,Ryan,2006-09-28,187-105-9642
442,Minnie,Osinski,2011-08-27,574-928-1361
443,Cole,Cremin,1994-01-25,729-134-6510
444,Raphaelle,O'Hara,2010-10-21,108-792-4135
445,Gail,Frami,2019-05-02,723-698-4151
446,Darrell,Wunsch,2019-02-13,867-105-3492
447,Andres,Torphy,2000-03-01,107-426-1958
448,Ignacio,Sanford,1976-04-15,758-139-6421
449,Jessy,Prohaska,1996-06-05,516-283-9741
450,Misael,Hessel,2023-02-05,381-275-1064
451,Maddison,Stiedemann,1992-07-23,531-847-6102
452,Cierra,Pagac,2010-04-10,675-283-1091
453,Reva,Ortiz,1996-08-07,793-645-8121
454,Niko,Ullrich,2004-05-30,593-610-4128
455,Dudley,Abernathy,1981-11-12,398-657-2104
456,Johanna,Gusikowski,1980-11-09,734-625-8910
457,Eleanore,Reichert,1976-06-30,912-584-1063
458,Anabel,Gorczany,2011-01-19,197-310-4586
459,Christy,Kuhn,2009-09-10,316-982-1057
460,Freeda,Wintheiser,2021-06-01,126-953-1074
461,Michaela,Greenholt,2020-04-04,794-538-2611
462,Sigmund,Nader,1989-01-11,325-184-1067
463,Tiffany,O'Reilly,1976-05-25,621-078-5419
464,Maggie,Green,1999-10-08,531-108-7246
465,Helene,Heathcote,1980-10-20,621-058-7941
466,Armani,Doyle,2004-09-24,613-910-4258
467,Casimir,Rolfson,2021-05-30,791-031-4586
468,Vernie,Cummings,2005-01-03,721-548-3910
469,Agustina,Schiller,1988-07-24,108-436-5192
586,Darby,O'Reilly,1978-08-29,137-296-5108
470,Raleigh,McKenzie,2016-10-03,108-795-2146
471,Vickie,Abernathy,2012-12-16,639-128-4710
472,Granville,Heaney,1995-07-22,261-081-4379
473,Devante,Schamberger,2007-02-25,617-495-3210
474,Astrid,Abernathy,1997-04-14,513-109-4768
475,Isidro,Bayer,1980-09-19,311-047-6258
476,Christ,Nikolaus,1999-12-24,542-189-1076
477,Kayden,Trantow,1975-11-15,753-110-9286
478,Brandt,Kihn,1998-10-07,921-461-0835
479,Ralph,Lang,1995-04-08,361-105-8749
480,Alaina,Dicki,1992-05-15,310-874-6291
481,Tania,Koss,1982-09-05,410-365-1278
482,Dangelo,Senger,2012-05-24,784-652-9110
483,Abigail,Wintheiser,1996-07-23,364-271-0189
484,Muhammad,Schiller,2020-01-29,210-863-1579
485,Nelda,Leannon,2003-08-02,467-210-3159
486,Kaitlin,Towne,1988-09-08,372-410-5981
487,Emmett,Barton,2008-09-26,472-310-1895
488,Jillian,Muller,1991-11-14,915-748-3102
489,Jerrold,Bednar,2005-03-18,873-916-4510
490,Adrain,Marvin,1995-01-27,465-819-3721
491,Heather,Lubowitz,2003-06-17,107-394-2168
492,Jane,Weimann,2005-01-14,710-942-3685
493,Filomena,Haley,1977-12-22,467-513-2891
494,Braxton,Jacobson,1994-02-23,192-864-1037
495,Clemens,D'Amore,1973-10-30,924-106-7153
496,Destiney,Jones,1994-03-27,581-671-0329
497,Myriam,Gerlach,1975-04-03,631-251-0487
498,Dortha,Bednar,1987-06-20,542-387-9610
499,Buford,Hackett,1973-10-01,652-810-9473
500,Jackie,Mertz,1971-07-08,461-073-9258
501,Winnifred,Fahey,2003-07-16,982-543-1610
502,Casimir,Gusikowski,1980-10-10,759-104-2186
503,Noemie,Hayes,2003-12-26,510-819-3467
504,Edmond,Huels,1993-09-08,572-816-3104
505,Kenyon,Frami,2013-03-11,615-378-9421
506,Newton,Windler,1994-09-12,973-561-0482
507,Lemuel,Brekke,1978-05-06,812-573-6109
508,Karen,Moen,1997-04-16,596-310-1827
509,Reyes,Kertzmann,2015-09-11,284-110-3759
510,Issac,Schulist,1979-07-22,386-592-1014
511,Marguerite,Bednar,2008-11-13,107-915-4283
512,Yasmine,Jast,2020-07-07,103-749-5126
513,Prince,Sanford,1997-03-22,621-987-5410
514,Garry,Sawayn,2020-08-22,104-521-3679
515,Chyna,Wyman,1975-09-02,127-398-6510
516,Marjorie,Batz,2005-02-15,869-107-4153
517,Candace,Berge,2004-09-29,710-582-1469
518,Arne,Hettinger,1979-02-13,692-147-5381
519,Aurelie,Christiansen,2016-10-22,968-473-1015
520,Magdalena,Botsford,1986-05-19,872-191-0346
521,Lizzie,Schneider,2019-08-02,139-510-7482
522,Ashley,Rice,1972-02-16,125-867-9103
523,Dell,Brekke,2009-07-30,110-795-2683
524,Antonina,Roberts,1978-05-03,105-643-8172
525,London,Muller,1985-10-09,298-510-3417
526,Macey,Boyle,1995-05-12,102-459-3186
527,Wyman,Satterfield,1984-01-31,716-931-0548
528,Abdiel,Green,2008-07-09,432-957-1681
529,Ashlynn,Reichert,2015-01-06,249-851-3106
530,Ayden,Keebler,1977-02-12,831-057-2169
531,Mohammed,Ruecker,1992-01-19,518-326-1047
532,Jennifer,Macejkovic,1980-09-01,298-103-4617
533,Marian,Will,1986-10-07,382-594-1107
534,Halie,Mertz,2005-11-17,108-436-1952
535,Jordy,Dicki,1995-04-20,619-275-8341
536,Minerva,Harvey,1999-12-17,296-143-7581
537,Baron,Schinner,1970-03-16,109-412-3568
538,Lilyan,Willms,1989-02-10,915-106-3482
539,Demetrius,Stanton,2015-02-05,783-510-2946
540,Chet,Marvin,1979-02-08,618-107-9342
541,Pierce,Wehner,2015-06-07,735-109-8126
542,Ted,Friesen,2015-10-30,754-211-0893
543,Leanna,Kuphal,1984-01-05,845-631-0197
544,Kirsten,Auer,2013-10-29,819-431-0567
545,Cornell,Parisian,1980-07-06,765-293-1014
546,Drake,Schuster,1981-11-06,138-429-5761
547,Filiberto,Corkery,1988-08-21,910-431-2768
548,Howell,D'Amore,2015-09-30,961-034-5721
549,Gerard,Schmitt,1983-12-25,675-841-0912
550,Israel,Langosh,2011-12-16,126-791-0438
551,Deon,Pollich,1971-11-04,362-751-1089
552,Georgiana,O'Hara,1989-11-23,158-109-4367
553,Charlene,Lowe,1997-05-26,462-389-5110
554,Hoyt,Gaylord,2000-09-10,671-589-1032
555,Baylee,Wehner,2021-04-30,934-652-7101
556,Quentin,Bogan,2015-03-27,546-810-9317
557,Lawrence,Ward,1994-03-27,891-103-6427
558,Fay,Little,1988-05-21,711-036-8924
559,Nova,Terry,1985-01-22,410-915-8632
560,Khalil,Zieme,1980-02-07,794-586-1321
561,Douglas,Zieme,1972-11-25,726-101-8943
562,Rahul,Graham,2014-09-05,106-958-1324
563,Aubree,Upton,1989-11-08,793-615-4821
564,Doyle,Hackett,1993-01-02,243-159-7106
565,Eldridge,Ryan,1997-07-03,639-748-2511
566,Princess,Barton,2001-05-14,432-105-6791
567,Verlie,Zemlak,2007-01-21,103-247-6581
568,Vena,Funk,2010-09-10,739-101-6428
569,Lindsay,Balistreri,1991-05-27,711-026-8394
570,Laurianne,Corwin,1985-08-23,896-110-4253
571,Guadalupe,Leuschke,2021-02-11,312-451-0987
572,Marjorie,Cartwright,2014-12-04,671-410-5938
573,Lamar,Maggio,1974-07-11,154-739-1026
574,Octavia,Collins,2001-03-13,510-734-8912
575,Agustina,Daugherty,1972-06-26,813-791-0256
576,Orlo,Waters,1990-06-04,104-275-3891
577,Leonardo,Herzog,1981-11-15,586-924-3710
578,Jaydon,Kertzmann,1981-02-07,571-014-8962
579,Kacie,Zboncak,1994-12-24,481-107-5936
580,Jalen,Graham,2012-02-07,110-387-2496
581,Sunny,Grimes,1976-05-26,105-621-4783
582,Victor,Satterfield,1975-10-02,517-861-0249
583,Zachery,Tremblay,1985-07-18,341-295-8761
584,Garry,Crist,2000-12-26,863-721-0194
585,Vincenzo,Rohan,2001-08-07,210-683-4597
587,Macie,Collier,1986-11-03,179-854-1032
588,Kathryn,Gerlach,1998-06-10,610-721-5983
589,Bettye,Pagac,2017-04-06,426-531-0987
590,Celine,King,1984-04-09,964-110-5387
591,Wilson,Kshlerin,2004-05-01,819-672-4105
592,Yazmin,Beatty,2010-09-24,832-654-7191
593,Ethel,Roberts,1989-12-10,419-725-1068
594,Nicolas,Labadie,2011-02-01,263-410-1978
595,Rebekah,Gorczany,1971-02-03,584-792-1016
596,Don,Heaney,2003-01-21,397-461-5281
597,Reynold,Feil,2004-07-31,481-056-1392
598,Nick,Kuphal,1994-08-28,631-085-4197
599,Aniyah,Ward,2008-05-07,310-852-6794
600,Maynard,Rempel,2018-07-27,521-467-8109
601,Cristian,Mayert,2015-02-12,101-492-5368
602,Meggie,Thompson,1997-09-22,534-621-0879
603,Eladio,Borer,1996-12-14,410-571-2963
604,Assunta,Lebsack,1997-10-05,674-153-1029
605,Albert,Batz,2008-11-13,101-497-8236
606,Nico,Larkin,1994-06-05,107-863-1452
607,Judson,Durgan,1974-07-28,346-871-0192
608,Reyes,Harvey,1981-05-02,731-410-8925
609,April,Buckridge,1975-11-27,947-683-2151
610,Donna,Huel,1975-10-18,175-231-0894
611,Robin,Deckow,1972-05-03,894-736-5210
612,Frieda,Hoppe,1972-01-23,341-058-9627
613,Ebba,Welch,2011-12-20,631-019-5428
614,Amber,Wiegand,2002-12-31,581-039-2147
615,Burnice,Jerde,2020-12-29,821-054-6917
616,Maybell,Botsford,2004-06-26,109-683-2471
617,Abbey,Durgan,2014-06-18,427-381-0619
618,Issac,Dickens,1984-11-15,618-297-1043
619,Deven,Bruen,2015-08-04,410-182-3679
620,Shaylee,Koss,1985-07-26,127-864-9103
621,Keagan,Cremin,1997-12-17,518-210-6439
622,Albin,Grady,2019-08-19,789-546-3102
623,Merl,Altenwerth,2004-11-02,259-463-7110
624,Estelle,Feil,2009-06-23,941-365-7810
625,Minerva,Dach,2003-11-10,681-095-1724
626,Duncan,Hoeger,1989-11-27,625-103-7149
627,Celestino,Crooks,2008-05-12,253-781-6410
628,Macey,Feeney,2010-08-22,916-732-1048
629,Mack,Bernhard,1993-05-17,135-649-8721
630,Ollie,Kassulke,1998-07-22,961-210-5347
631,Reid,Donnelly,2021-06-10,691-045-8327
632,Einar,Hagenes,2013-03-24,697-841-0132
633,Jacinthe,Barrows,1981-12-19,910-687-5214
634,Tressie,Kunze,2003-08-17,354-210-1896
635,Jarrett,Eichmann,1999-02-11,106-723-4519
636,Wilbert,Spinka,2023-02-18,841-023-7659
637,Monserrat,Kuhlman,1983-06-16,410-869-5371
638,Nils,Kassulke,1987-04-15,537-102-4689
639,Norval,Cormier,1998-01-13,345-862-7911
640,Shayne,Weimann,1999-06-12,754-621-3981
641,Clemens,Reilly,2017-08-07,713-984-5106
642,Mellie,Will,1987-01-17,647-185-1039
643,Eldora,Swift,2017-06-29,814-210-5976
644,Marielle,Ullrich,2019-11-09,819-754-6231
645,Shanny,Baumbach,2015-03-04,317-864-9210
646,Carey,Hodkiewicz,1993-09-25,372-610-1984
647,Gunnar,Buckridge,1995-01-25,572-641-0391
648,Steve,Muller,2003-02-05,106-315-9748
649,Lyda,Jacobs,1970-03-20,521-489-6731
650,Irma,Renner,2017-11-14,310-457-2816
651,Lewis,Kihn,1986-08-27,612-493-5781
652,Charley,Moore,2002-05-20,134-879-6510
653,Keanu,Monahan,1999-10-24,628-479-5103
654,Roxanne,Turcotte,2021-05-09,194-108-2367
655,Lila,Wunsch,2014-08-05,375-101-8624
656,Ladarius,Jerde,1991-03-20,321-795-6410
657,Rylee,Blick,2018-06-27,510-463-7128
658,Skye,Lehner,1979-06-25,657-129-4310
659,Dave,Legros,1974-01-31,279-105-3684
660,Margarette,Schumm,1982-05-11,109-687-5134
661,Hertha,Weissnat,1993-06-30,758-193-6421
662,Xander,Hills,2011-02-07,418-102-9763
663,Taryn,Turcotte,2010-10-02,468-325-7911
664,Lavinia,Greenfelder,2006-09-05,179-862-4351
665,Mara,Denesik,2000-06-05,627-109-8431
666,Larue,Grant,1986-03-19,386-410-2571
667,Precious,Reichel,2006-05-19,156-472-9381
668,Santina,DuBuque,2011-12-28,274-103-9658
669,Oscar,Walter,1999-04-13,154-697-8321
670,Luisa,Kilback,2013-08-30,281-105-6439
671,Willa,Corwin,2006-12-26,710-692-4385
672,Henriette,Dooley,2021-07-20,154-106-7329
673,Toy,Kihn,1977-10-30,104-875-2936
674,Mandy,Kunde,1973-11-22,129-104-5783
675,Margret,Rice,1986-02-14,510-186-3492
676,Wilma,Thompson,1981-01-07,481-692-3710
677,Kaci,Lowe,1993-06-20,952-346-8101
678,Steve,Sauer,1982-08-17,894-526-1107
679,Paula,Pacocha,1980-02-12,107-351-9826
680,Enola,Lehner,2001-08-23,931-647-1058
681,Cyrus,Rippin,2002-02-16,103-182-9475
682,Jerel,Rogahn,2021-06-07,528-106-1793
683,Tyree,Cassin,2003-07-29,110-725-6948
684,Nona,Tillman,1975-06-03,157-986-3210
685,Nash,Predovic,1981-05-21,395-104-8261
686,Jace,D'Amore,2015-08-25,985-101-4672
687,Reanna,Kreiger,1983-12-05,132-610-7985
688,Whitney,Carter,1981-06-24,352-810-1749
689,Haleigh,Crona,2019-09-09,134-628-5791
690,Zena,Bergstrom,2022-01-08,107-683-1529
691,Tessie,Barrows,2011-02-18,411-037-5629
692,Dion,Stiedemann,2002-10-03,289-416-3510
693,Rod,Jakubowski,2023-05-01,810-634-7195
694,Leif,Balistreri,1985-01-12,821-374-1059
695,Steve,Senger,1983-12-26,392-768-5411
696,Judson,VonRueden,1993-09-03,962-531-8471
697,Alessandra,Sporer,2006-01-18,693-174-2851
698,Annamae,Huel,1976-06-04,491-067-8321
699,Gregory,Reinger,2014-06-28,279-486-1035
700,Justen,Hane,1991-12-22,106-729-8345
701,Norbert,Hilll,1982-06-20,364-591-0871
702,Maida,Effertz,1970-09-24,364-210-5971
703,Ressie,Deckow,1990-07-22,174-358-1092
704,Shirley,Donnelly,2004-07-22,104-825-1637
705,Emmalee,Lang,1975-09-18,625-471-0813
706,Chris,Heller,2014-11-13,210-574-6318
707,Dannie,Reichel,1973-07-15,725-983-6104
708,Yessenia,Sanford,2017-01-17,437-286-5109
709,Stephen,Kris,1977-08-24,947-318-5621
710,Dennis,Lakin,1983-10-25,326-107-1854
711,Florida,Langosh,1979-12-23,243-671-5910
712,Destini,Weber,2002-02-05,510-792-4613
713,Dino,Mann,1971-04-09,295-683-4107
714,Ada,Kassulke,1991-09-09,327-865-9110
715,Phoebe,Bartoletti,1983-05-20,352-171-0469
716,Zechariah,Medhurst,1970-05-09,714-586-3102
717,Keara,Smith,1996-04-25,871-106-3942
718,Robbie,Strosin,1973-01-10,217-593-8610
719,Caden,Goodwin,1976-12-17,105-978-3621
720,Edmond,White,2000-07-17,105-261-7983
721,Lucienne,Hills,1986-08-26,978-105-1364
722,Hope,Kuphal,2015-06-04,375-128-9641
723,Felicita,Harber,1984-07-06,957-410-8321
724,Agustin,Lubowitz,1994-03-28,825-106-1374
725,Colin,Hegmann,1989-02-20,385-106-2491
726,Kiarra,Roberts,1972-03-09,385-794-1102
727,Furman,Wisoky,1984-03-05,911-078-3254
728,Jaydon,Corkery,2004-05-21,510-982-1347
729,Elnora,Hauck,2014-11-09,147-610-8253
730,Javon,Considine,2005-03-17,165-427-8109
731,Isac,Watsica,1971-12-09,376-415-8102
732,Margarete,Muller,2017-05-31,795-683-1210
733,Kaylin,Farrell,1983-10-08,435-181-0962
734,Marta,Cummerata,1987-03-30,573-261-0981
735,Deangelo,Mann,2016-09-25,873-910-5621
736,Garnett,Kuphal,2005-04-07,912-437-1068
737,Ned,Buckridge,2013-09-10,835-109-2417
738,Meggie,Stehr,1982-03-11,381-274-5109
739,Vernon,Ullrich,1972-01-09,851-109-2674
740,Marlin,Lockman,2019-10-11,538-710-9246
741,Gerry,Schneider,1994-01-08,325-189-1074
742,Erwin,Schulist,2016-11-12,817-210-9563
743,Maritza,Waelchi,2007-02-14,826-159-1043
744,Ashlynn,Cummings,2013-04-16,723-951-0148
745,Chandler,Hettinger,1991-02-06,623-749-1108
746,Liana,Kris,1970-06-28,174-265-8109
747,Shaun,Reichel,1998-02-19,510-748-3216
748,Katelynn,Schiller,1988-11-06,310-291-4586
749,Laisha,Frami,1972-07-19,493-172-5106
750,Jordan,Bechtelar,1980-04-09,698-312-5471
751,Austyn,Adams,1987-11-24,623-151-0978
752,Flo,Shanahan,2012-10-13,495-613-8210
753,Makenzie,Sporer,2017-10-06,610-439-5781
754,Palma,Toy,2010-08-15,649-823-1510
755,Mckenzie,Gutkowski,2017-03-05,910-286-7135
756,Waino,Homenick,1970-10-12,763-109-1258
757,Van,Bauch,1991-08-31,654-278-3110
758,Owen,Purdy,1975-11-18,928-410-5167
759,Moriah,Bailey,1970-02-06,645-278-3191
760,Adelle,Treutel,1974-12-19,341-102-6957
761,Peggie,Turcotte,2020-02-10,239-518-6410
762,Allie,Kuhic,1973-05-21,134-687-5910
763,Roel,Simonis,2014-05-25,436-108-7291
764,Dudley,Parisian,2012-05-23,862-431-0715
765,Margie,Aufderhar,1996-09-15,435-782-1019
766,Izabella,Waelchi,1982-04-18,105-184-2793
767,Sabina,Jakubowski,2006-03-09,459-168-7210
768,Charity,Gislason,2019-06-03,217-831-0694
769,Loyal,Kozey,2002-10-12,975-810-4126
770,Jessie,Kuphal,2011-05-06,653-910-4278
771,Columbus,Kris,1984-12-06,295-376-4110
772,Judah,Gutmann,2018-11-14,598-734-6211
773,Ebony,Shanahan,2014-11-22,485-631-9721
774,Isaiah,Kovacek,1987-11-28,524-191-0738
775,Adolfo,Kuhlman,1986-10-04,561-310-9782
776,Jaime,Jones,1977-02-17,357-910-6412
777,Kamille,Hand,2012-11-09,419-210-7683
778,Ila,Kirlin,2008-02-06,572-138-9106
779,Herman,McKenzie,2019-09-09,931-107-8456
780,Herminia,Borer,1977-12-03,371-489-6510
781,Mossie,Padberg,1989-06-13,461-059-8731
782,Jolie,Koepp,2006-08-23,102-134-7895
783,Karli,Greenfelder,2020-02-10,135-962-4810
784,Lori,Fadel,2019-11-30,568-342-1971
785,Barney,Collins,2021-04-23,109-271-3584
786,Ruthie,Brekke,1982-08-18,257-846-9101
787,Felicia,Goodwin,1992-08-08,410-752-3816
788,Jedediah,Mosciski,2020-04-22,431-026-9518
789,Angelo,McLaughlin,1999-06-27,574-839-2110
790,Napoleon,Beier,1983-05-21,614-810-2579
791,Curt,Stoltenberg,1988-06-05,736-102-4591
792,Jodie,Koepp,1998-06-28,812-637-5910
793,Ryder,McClure,1995-11-11,893-710-4562
794,Shemar,Borer,2022-11-15,381-047-9561
795,Royce,Goldner,2008-11-08,947-231-6108
796,Gabe,Tremblay,1975-07-27,187-256-1094
797,Darby,Goodwin,1997-11-26,679-123-1048
798,Hollie,McGlynn,1977-01-02,432-181-0597
799,Tanner,Kautzer,1979-03-15,835-496-1027
800,Else,Abernathy,1981-09-17,864-107-2913
801,Hudson,Marvin,1988-09-01,549-612-3781
802,Durward,Boehm,1988-08-30,728-410-6319
803,Gerald,Lubowitz,2013-10-21,861-071-4392
804,Sunny,Balistreri,1971-05-01,107-932-1456
805,Cydney,Pagac,1993-06-02,102-185-6947
806,Sean,Bosco,2013-04-06,910-534-1782
807,Retta,Schaden,2015-09-27,341-285-6710
808,Emmitt,Schoen,1983-07-25,612-493-7108
809,Lenny,Quitzon,1980-09-18,186-310-4295
810,Vergie,Berge,2014-05-18,523-196-4108
811,Eric,Maggio,1976-07-12,541-073-1968
812,Cecelia,Kiehn,2018-01-19,101-869-2534
813,Otis,Becker,2006-09-03,371-946-1082
814,Providenci,Ledner,1995-10-30,527-141-0963
815,Tito,Lowe,2015-04-15,148-925-3761
816,Shanny,Kulas,2003-08-02,475-913-8210
817,Yolanda,Powlowski,2005-08-02,514-968-7310
818,Isabel,Spencer,1986-05-13,110-853-2769
819,Viva,Kunde,1981-10-04,154-108-9726
820,Lincoln,Rempel,1981-03-24,984-562-1310
821,Katheryn,Ebert,1974-11-30,675-241-3109
822,Kiel,Littel,1990-03-21,583-961-0174
823,John,Quitzon,1978-11-11,325-481-1079
824,Esmeralda,Ullrich,2005-06-10,734-216-9851
825,Eddie,Braun,1974-12-16,109-768-5423
826,Johnathan,Durgan,2018-07-16,283-145-1096
827,Leanne,Nikolaus,1988-01-09,762-853-1091
828,Michaela,Abshire,1985-07-05,514-739-6108
829,Shawn,Harris,1982-04-01,102-341-5879
830,Lilla,Howell,2015-05-20,835-104-1276
831,Santino,Rosenbaum,1981-10-01,937-125-1064
832,Nikita,Johnston,1999-01-19,123-964-8751
833,Edyth,Emmerich,1978-10-18,985-710-1462
834,Layne,Bashirian,2023-04-02,751-098-4231
835,Brandy,Walker,1979-05-22,986-310-4572
836,Tracy,Goyette,2007-01-06,526-109-4378
837,Bessie,Doyle,2008-11-19,610-745-9831
838,Kelly,Grady,1981-06-01,541-082-9137
839,Monroe,Hand,1987-09-17,186-425-7931
840,Sean,Effertz,1991-06-25,138-297-5461
841,Keith,Howe,1984-07-09,459-286-7131
842,Misty,Braun,1982-12-20,104-895-3621
843,Merlin,Kuphal,1991-01-22,645-978-1310
844,Emmie,Mayert,2013-11-18,439-621-1057
845,Felipe,Rohan,1992-04-29,411-053-8729
846,Jorge,Will,1979-12-30,137-810-5924
847,Vella,Batz,2019-08-20,410-187-2965
848,Christa,Bashirian,1990-08-12,782-106-1435
849,Molly,Jaskolski,1971-02-23,284-110-5693
850,Gayle,Okuneva,1977-04-12,743-981-6251
851,Merritt,Kuhn,1983-07-06,410-263-9781
852,Woodrow,Sporer,2000-07-30,592-107-1386
853,Cheyanne,Nienow,2018-01-14,510-471-3689
854,Abdul,Muller,1972-01-17,654-109-8237
855,Lauryn,Wolf,1972-06-12,629-841-0715
856,Sammie,Steuber,2017-09-29,108-364-9721
857,Brooklyn,Huels,1990-07-15,895-461-0327
858,William,Bergstrom,1971-02-23,694-825-1731
859,Naomi,Wuckert,2016-01-15,751-014-8392
860,Silas,Moen,1972-08-21,864-103-5971
861,Johann,Fahey,2019-02-18,218-109-7456
862,Verona,Raynor,2019-07-14,107-126-4958
863,Dena,Dare,1978-01-26,943-782-6510
864,Dario,Bartoletti,1990-09-26,103-941-5267
865,Estel,Lebsack,1993-03-22,781-634-9510
866,Luis,Bergstrom,1988-06-07,934-582-7610
867,Kayden,Hermiston,1984-01-31,645-329-1018
868,Andreane,Koelpin,2022-11-29,261-597-4381
869,Eduardo,Ferry,2014-09-25,163-591-0824
870,Shanelle,Blick,1971-09-21,873-651-0412
871,Maye,Walsh,2022-09-30,425-761-9310
872,Nelda,Hackett,1995-04-18,413-107-5892
873,Moriah,Gerhold,1970-06-28,523-781-0961
874,Madelynn,Rogahn,2019-09-15,672-495-1103
875,Clementine,Kuhic,2015-05-01,107-358-1649
876,Wyatt,Osinski,1989-12-04,110-496-7352
877,Emory,Wisozk,1981-03-31,768-945-3121
878,Carson,Hansen,1975-06-15,582-311-0964
879,Kamryn,Hilll,1992-02-15,491-261-0785
880,Jermey,Ondricka,1979-08-06,519-831-0276
881,Turner,Quigley,2007-07-04,109-843-2571
882,Agustina,Friesen,1990-03-02,627-491-1038
883,Olga,Satterfield,2019-11-22,193-762-5108
884,Maximilian,Kuhic,2018-07-25,165-947-2103
885,Kyra,Brekke,1988-02-05,326-109-5471
886,Rodrick,Daniel,1975-01-04,217-483-6105
887,Vincent,Bednar,1983-05-27,276-945-3181
888,Friedrich,Zieme,2001-09-16,985-104-1673
889,Lura,Krajcik,1988-05-05,412-371-0895
890,Camila,Conroy,1971-03-10,817-210-4935
891,Wilfred,Hermann,1984-06-01,265-974-8103
892,Billie,Zulauf,2008-12-11,428-539-6110
893,Alexander,Rohan,2012-05-28,628-491-5371
894,Nicolette,Braun,1976-08-11,510-874-2619
895,Camille,Kshlerin,1998-04-15,108-294-7156
896,Sunny,Medhurst,1985-05-24,648-237-5110
897,Dolly,Sipes,1988-03-04,348-671-0295
898,Queen,Rempel,2020-03-01,935-481-1026
899,Vincent,Kuhic,1989-07-17,691-325-8471
900,Gordon,Fahey,1973-07-29,875-110-2643
901,Maureen,Fahey,2023-04-01,379-610-4128
902,Brandon,Schulist,2020-08-21,781-041-9635
903,Brendan,Beer,1987-02-18,496-311-0257
904,Sterling,Goodwin,1981-10-29,528-341-0916
905,Rod,Cassin,1976-08-31,102-513-8469
906,Araceli,Johnston,2014-09-22,362-108-4591
907,Kevon,Feeney,1974-09-13,138-952-1046
908,Eunice,Cruickshank,2005-06-25,182-491-0756
909,Anastacio,Abernathy,1992-03-20,741-015-6389
910,Nikko,Cole,2001-09-29,897-132-6410
911,Halle,Beatty,1984-02-11,310-251-4796
912,Benedict,Cruickshank,2000-08-14,547-963-8211
913,Brendon,McGlynn,1973-05-10,381-092-7561
914,Tyler,Koepp,2007-10-09,374-101-9856
915,Jayne,Howe,1978-05-17,389-764-1521
916,Jordane,Emmerich,1998-06-11,510-832-7169
917,Antonio,Moen,1982-05-03,451-063-7821
918,Dominique,Herman,2017-07-24,351-429-1067
919,Geo,Blick,2006-09-07,419-568-3710
920,Jerad,Kuhic,1997-04-03,327-956-4181
921,Reuben,Price,1994-03-31,410-617-2359
922,Justina,Harris,2012-12-12,527-910-1643
923,Bette,Sipes,1976-11-05,217-863-1049
924,Micheal,Stracke,2002-11-20,374-962-5810
925,Hulda,Nienow,2014-04-06,598-310-1246
926,Lincoln,Medhurst,1975-07-18,511-028-7439
927,Gage,Schmeler,1986-07-21,510-179-4386
928,Jalyn,Bins,1990-03-25,362-481-7510
929,Trisha,King,1994-11-28,861-051-3297
930,Raphael,Ziemann,2020-06-16,219-734-6105
931,Kiarra,Dibbert,2021-02-14,101-674-5823
932,Hubert,Aufderhar,2023-03-10,596-128-7410
933,Isabel,Kunde,1979-04-19,104-123-9675
934,Tyreek,Goyette,2013-10-03,823-710-1469
935,Loma,Metz,2008-10-16,108-479-2513
936,Alberta,Robel,1970-07-30,916-745-3210
937,Karen,Schumm,1992-02-17,795-132-4861
938,Ed,Legros,1984-02-01,613-751-0829
939,Karen,Haley,2017-02-23,576-194-3810
940,Brook,Pacocha,1996-10-15,763-281-0945
941,Demarco,Tillman,2014-06-07,415-810-3762
942,Joshuah,Bergstrom,2015-10-26,526-417-9310
943,Kiana,Labadie,1995-07-27,318-476-9521
944,Brandt,Cremin,2012-01-05,831-091-6574
945,Garrick,Cronin,1986-07-12,762-310-4891
946,Lupe,Waelchi,1980-04-14,311-027-9468
947,Chelsey,Runolfsdottir,1974-07-15,761-018-5439
948,Marquis,Bins,2019-09-10,862-731-0194
949,Ora,Fay,2002-03-11,964-852-1013
950,Fay,Lind,2023-05-18,492-153-1078
951,Stewart,Kerluke,2016-04-23,387-146-1025
952,Rhoda,Fritsch,2001-03-07,697-181-0325
953,Graham,Fritsch,1984-12-16,389-426-5107
954,Norris,Yundt,1985-06-10,812-310-5964
955,Madonna,Ledner,2007-05-18,149-735-1068
956,Charles,Tremblay,2005-01-03,528-107-1934
957,Aubrey,Graham,2007-07-05,937-518-6241
958,Tristin,Rempel,1976-11-13,861-103-2974
959,Elliott,Volkman,1993-08-30,962-843-7510
960,Dustin,Berge,1979-01-20,874-102-5693
961,Victoria,Strosin,1986-03-05,756-418-3109
962,Vern,Deckow,1989-02-26,689-510-1324
963,Zella,Dickens,1980-06-07,519-426-8371
964,Carrie,Lebsack,1987-05-20,410-681-2397
965,Magali,Nienow,1975-02-28,982-410-5736
966,Elizabeth,Altenwerth,2023-06-08,867-310-5492
967,Mary,Stehr,2011-03-18,110-957-8243
968,Alexa,Lind,1973-08-19,821-743-9610
969,Shanna,Schamberger,1979-12-26,192-365-7108
970,Ladarius,Orn,1991-12-07,173-485-2106
971,Isom,Ziemann,1979-01-03,285-961-0743
972,Ike,Mante,1970-06-22,526-841-0193
973,Christy,Kshlerin,1974-07-17,689-312-1074
974,Lauren,Considine,2012-10-05,487-910-6213
975,Crawford,Rosenbaum,2006-02-26,839-125-1046
976,Eulah,Kub,1993-04-05,653-101-8472
977,Conner,Cassin,1983-01-04,715-823-9106
978,Keagan,Padberg,1981-05-12,425-391-0178
979,Zella,Bernier,1972-08-11,738-594-1106
980,Elza,Kozey,2007-07-09,694-710-3581
981,Regan,Rath,2004-06-08,425-110-8639
982,Rosa,Hahn,1999-03-03,685-432-1071
983,Kimberly,Waters,2014-10-09,389-107-5416
984,Kaela,Runte,1979-05-21,681-091-7324
985,Dorothy,Carter,1984-08-23,513-108-7429
986,Janie,West,1985-10-03,153-102-6947
987,Pat,Turcotte,1972-01-18,648-103-2175
988,Conor,Keebler,1993-06-24,861-031-7942
989,Idell,Walker,1972-11-02,638-941-1025
990,Cecilia,Heidenreich,1998-11-12,310-851-4962
991,Burdette,Schowalter,1977-05-06,971-048-2165
992,Muriel,Turcotte,1983-07-03,614-579-1023
993,Gisselle,Fritsch,1970-04-29,412-397-1085
994,Mayra,Macejkovic,2002-03-28,249-173-5861
995,Jessika,Roob,2005-12-30,987-425-1310
996,Vita,Murray,2000-01-24,764-521-1093
997,Shawna,Moore,1978-10-14,591-106-3482
998,Jasmin,Lockman,1998-07-13,237-459-1810
999,Savannah,Thompson,1984-10-03,851-962-1043
1000,Concepcion,Adams,1993-08-27,471-096-8132
